question_id,content,response
1,如果向西走5m，记作＋5m，那么－15m表示？ A. 向东走15m B. 向南走15m C. 向西走15m D. 向北走15m,"相关知识点ID：3294，3275，3277

解答：如果向西走5m被记作+5m，那么-15m表示相反的意义，即向东走15m。因此选项A（向东走15m）是正确的。"
2,下列各对数中，互为相反数的是？ A. -|-7|和+(-7) B. +(-5)和-(+5) C. (-1)^3和-1^3 D. (-1)^2和-1^2,"相关知识点ID：3292，3294

解答：互为相反数表示两个数互为负号但数值相等。A项中，-|-7| 是 -7，而 +(-7) 也是 -7，所以它们不是互为相反数。B项中，+(-5) 是 -5，而 -(+5) 也是 -5，所以它们也不是互为相反数。C项中，(-1)^3 是 -1，而 -1^3 是 -1，所以它们也不是互为相反数。D项中，(-1)^2 是 1，而 -1^2 是 -1，因此它们是互为相反数。所以正确答案是 D。"
3,下列比较大小结果正确的是？ A. -3<-4 B. -(-2)<|-2| C. -1/2>-1/3 D. |-1/8>-1/7|,"相关知识点ID：3301，3302

解答：首先逐个分析每个选项：
A. -3<-4 此比较错误，因为在数轴上，-3在-4的右侧，所以-3>-4。
B. -(-2)<|-2| 这是正确的，因为-(-2)等于+2，而|-2|也等于+2，所以两者相等。
C. -1/2>-1/3 这是正确的，因为在数轴上，-1/2在-1/3的右侧，表示它比-1/3大。
D. |-1/8>|-1/7| 此比较错误，因为|-1/8|等于1/8，而|-1/7|等于1/7，比较大小时我们可以看到1/7比1/8大。

所以正确答案是 B 与 C。"
4,如图，数轴的单位长度为1，如果点A，B表示的数的绝对值相等，那么点A表示的数是？ A. －2 B. －3 C. －4 D. 0,"相关知识点ID：3294，3301

解答：点A和点B表示的数的绝对值相等，且数轴的单位长度为1。这意味着它们在数轴上的位置关于原点对称，所以它们是相反数。题目并未提供点B的数值，所以无法确定点A表示的具体数值。如果已知点B表示的具体数值，则点A表示的数值就是点B的相反数。由于题目未给出足够的信息来确定点A的具体值，因此无法从选项中选择正确答案。如果有具体的数轴图或点B的数值，请提供这些详细信息，以便进行准确的解答。"
5,绝对值等于其本身的数有？ A. 1个 B. 2个 C. 0个 D. 无数个,"相关知识点ID：3295，3296，3297，3298，3299

解答：绝对值等于其本身的数是所有非负数，也就是所有正数和零。因为绝对值的定义是一个数距离数轴原点的距离，距离永远是非负的。所以选项为D. 无数个。"
6,如果两个有理数的积是负数，和是正数，那么这两个有理数？ A. 同号，且均为负数 B. 异号，且正数的绝对值比负数的绝对值大 C. 同号，且均为正数 D. 异号，且负数的绝对值比正数的绝对值大,"相关知识点ID：3270，13956，3272，3294，3319，3329

解答：选项 B. 异号，且正数的绝对值比负数的绝对值大。如果两个有理数的积是负数，则它们必须异号。由于和是正数，必须正数的绝对值比负数的绝对值大，这样加起来的结果才能是正数。"
7,下列说法正确的是？ A. 三个有理数相乘积为负数，则这三个数一定都是负数 B. 两个有理数的和为零，则这两个数一定互为相反数 C. 零是最小的有理数 D. 两个有理数的和不可能比任何一个加数都小,"相关知识点ID：3309，3314，3324

解答：选项B正确。当两个有理数的和为零时，根据有理数加法的性质，这两个数必定互为相反数。选项A错误，因为三个数相乘为负数只能说明奇数个数是负数，不一定都是负数。选项C错误，因为零不是最小的有理数，有理数包括无穷多个负数，而负数比零小。选项D错误，两个有理数的和完全可能比其中任何一个数都小，例如一个正数和一个比它的相反数的绝对值更大的负数相加。"
8,有理数对应的点在数轴上的位置如图，则下列结论正确的是？ A. a－b＞0 B. |a|＞|b| C. a/b＜0 D. a＋b＜0,"相关知识点ID：3281，3288，3294，3301

解答：首先，我们需要明确数轴上有理数的位置和它们相对于原点的距离。对于数a和b，因为未给出具体数值，我们无法直接比较|a|和|b|的大小，也无法直接判断a的正负，但我们可以根据a和b与0的相对位置来推断关系。

选项A表达的是a与b之差大于0，如果a在b的右边，这个结论才成立。这需要知道它们各自的位置，但题目中并未提供这一信息，因此不能确定选项A是否正确。

选项B是关于绝对值的比较。在数轴上，绝对值表示点到原点的距离，所以比较|a|和|b|的大小需要知道它们各自距离原点的距离，这个也无法从题干中得知。

选项C表示a和b的比值小于0，这暗示a和b有一个是正数而另一个是负数。考虑到数轴上点的相对位置，这一点可以确认。

选项D说a与b之和小于0，这意味着两数都应位于数轴的负半轴。这需要知道它们的具体位置，但题目中并未给出足够信息。

唯一可以明确的是选项C，因为上述信息暗示a和b中有一个是正数而另一个是负数，它们的乘积或除积将是负数。因此，正确选项是C。"
9,若a和b互为相反数，c和d互为倒数，|m|的绝对值为2，则m^2-cd+(a+b)/m的值为？ A. -5 B. 3 C. -3 D. 3或-5,"相关知识点ID：3294，3324，3296，3297，3298，3299，3300，3302

解答：由于a和b互为相反数，它们的和\(a+b=0\)。绝对值\(|m|\)为2，所以m的值为2或-2。c和d互为倒数，所以它们的乘积\(cd=1\)。因此，原式可以简化为：
\[ m^2-cd+(a+b)/m=m^2-1 \]
当m为2时，原式等于\(2^2-1=3\)；
当m为-2时，原式等于\((-2)^2-1=3\)。
由于题目中的选项为A. -5，B. 3，C. -3 和 D. 3或-5，答案为B. 3。"
10,在明代的《算法统宗》一书中将用格子的方法计算两个数相乘称作“铺地锦”，如图1，计算82×34，将乘数82记入上行，乘数34记入右行，然后用乘数82的每位数字乘以乘数34的每位数字，将结果记入相应的格子中，最后按斜行加起来，既得2788．如图2，用“铺地锦”的方法表示两个两位数相乘，下列结论错误的是？ A. b的值为6 B. a为奇数 C. 乘积结果可以表示为101b+10（a+1）-1 D. a的值小于3,"相关知识点ID：81220，81221，81226

解答：由于""铺地锦""方法计算两个数相乘是将乘数的每位数字乘以乘数的每位数字，因此选项B中b的值只能是2个一位数相乘的结果，最大为9，选项A中的值6是可能的。选项C中对于乘积的表示是错误的，因为在累加斜行时，第二行从第二个格子开始，不会产生101b这样的项。选项D中的a值小于3是可能的，因为乘积的个位数只跟a的个位数有关，a仍然可以是较小的数。综上所述，错误的结论是选项C。"
